-- phpMyAdmin SQL Dump
-- version 4.0.10deb1
-- http://www.phpmyadmin.net
--
-- Хост: localhost
-- Время создания: Июн 12 2015 г., 13:40
-- Версия сервера: 5.5.41-0ubuntu0.14.04.1
-- Версия PHP: 5.5.9-1ubuntu4.6

SET SQL_MODE = "NO_AUTO_VALUE_ON_ZERO";
SET time_zone = "+00:00";


/*!40101 SET @OLD_CHARACTER_SET_CLIENT=@@CHARACTER_SET_CLIENT */;
/*!40101 SET @OLD_CHARACTER_SET_RESULTS=@@CHARACTER_SET_RESULTS */;
/*!40101 SET @OLD_COLLATION_CONNECTION=@@COLLATION_CONNECTION */;
/*!40101 SET NAMES utf8 */;

--
-- База данных: `tose_bron`
--

-- --------------------------------------------------------

--
-- Структура таблицы `buses`
--

CREATE TABLE IF NOT EXISTS `buses` (
  `id` int(11) NOT NULL AUTO_INCREMENT,
  `description` text NOT NULL,
  `seat_map` text NOT NULL,
  PRIMARY KEY (`id`)
) ENGINE=InnoDB  DEFAULT CHARSET=utf8 AUTO_INCREMENT=2 ;

--
-- Дамп данных таблицы `buses`
--

INSERT INTO `buses` (`id`, `description`, `seat_map`) VALUES
(1, 'Автобус № 979', '\r\n<div class="autobus">\r\n			<div class="col-0">\r\n				<div class="row_bus">ряд 1</div>\r\n				<div class="row_bus">ряд 2</div>\r\n				<div class="row_bus">ряд 3</div>\r\n				<div class="row_bus">ряд 4</div>\r\n				<div class="row_bus">ряд 5</div>\r\n				<div class="row_bus">ряд 6</div>\r\n				<div class="row_bus">ряд 7</div>\r\n				<div class="row_bus">ряд 8</div>\r\n				<div class="row_bus">ряд 9</div>\r\n				<div class="row_bus">ряд 10</div>\r\n				<div class="row_bus">ряд 11</div>\r\n				<div class="row_bus">ряд 12</div>\r\n				<div class="row_bus">ряд 13</div>\r\n				<div class="row_bus">ряд 14</div>\r\n				<div class="row_bus">ряд 15</div>\r\n			</div>\r\n			<div class="col-1">\r\n				<div class="bukva">\r\n					A\r\n				</div>\r\n				\r\n				<div class="mesto">					\r\n					<a class="bombear" id="1">\r\n					1\r\n					</a>\r\n					\r\n				</div>\r\n\r\n				<div class="mesto">\r\n					<a class="bombear" id="5">\r\n					5\r\n					</a>\r\n					\r\n				</div>\r\n\r\n				<div class="mesto">\r\n					<a class="bombear" id="7">\r\n					7\r\n\r\n					</a>\r\n					\r\n				</div>\r\n\r\n				<div class="mesto">\r\n					<a class="bombear" id="13">\r\n					13\r\n					</a>\r\n					\r\n				</div>\r\n\r\n				<div class="mesto">\r\n					<a class="bombear" id="15">\r\n					15\r\n					</a>\r\n					\r\n				</div>\r\n\r\n				<div class="mesto">\r\n					<a class="bombear" id="21">\r\n					21\r\n					</a>\r\n					\r\n				</div>\r\n\r\n				<div class="mesto">\r\n					<a class="bombear" id="23">\r\n					23\r\n					</a>\r\n					\r\n				</div>\r\n\r\n				<div class="mesto">\r\n					<a class="bombear" id="27">\r\n					27\r\n					</a>\r\n					\r\n				</div>\r\n\r\n				<div class="mesto">\r\n					<a class="bombear" id="29">\r\n					29\r\n					</a>\r\n					\r\n				</div>\r\n\r\n				<div class="mesto">\r\n					 <a class="bombear" id="33">\r\n					33\r\n					</a>\r\n					\r\n				</div>\r\n\r\n				<div class="mesto">\r\n					 <a class="bombear" id="35">\r\n					35\r\n					</a>\r\n					\r\n				</div>\r\n\r\n				<div class="mesto">\r\n					 <a class="bombear" id="41">\r\n					41\r\n					</a>\r\n					\r\n				</div>\r\n\r\n				<div class="mesto">\r\n					 <a class="bombear" id="43">\r\n					43\r\n					</a>\r\n					\r\n				</div>\r\n\r\n				<div class="mesto">\r\n					 <a class="bombear" id="49">\r\n					49\r\n					</a>\r\n					\r\n				</div>\r\n\r\n				<div class="mesto">\r\n					 <a class="bombear" id="51">\r\n					51\r\n					</a>\r\n					\r\n				</div>\r\n				\r\n\r\n\r\n\r\n\r\n\r\n			</div>\r\n			<div class="col-2">\r\n				<div class="bukva">\r\n					B\r\n				</div>\r\n\r\n				<div class="mesto">\r\n					 <a class="bombear" id="2">\r\n					2\r\n					</a>\r\n					\r\n				</div>\r\n\r\n				<div class="mesto">\r\n					 <a class="bombear" id="6">\r\n					6\r\n					</a>\r\n					\r\n				</div>\r\n\r\n				<div class="mesto">\r\n					 <a class="bombear" id="8">\r\n					8\r\n					</a>\r\n					\r\n				</div>\r\n\r\n				<div class="mesto">\r\n					 <a class="bombear" id="14">\r\n					14\r\n					</a>\r\n					\r\n				</div>\r\n\r\n				<div class="mesto">\r\n					 <a class="bombear" id="16">\r\n					16\r\n					</a>\r\n					\r\n				</div>\r\n\r\n				<div class="mesto">\r\n					 <a class="bombear" id="22">\r\n					22\r\n					</a>\r\n					\r\n				</div>\r\n\r\n				<div class="mesto">\r\n					 <a class="bombear" id="24">\r\n					24\r\n					</a>\r\n					\r\n				</div>\r\n\r\n				<div class="mesto">\r\n					 <a class="bombear" id="28">\r\n					28\r\n					</a>\r\n					\r\n				</div>\r\n\r\n				<div class="mesto">\r\n					 <a class="bombear" id="30">\r\n					30\r\n					</a>\r\n					\r\n				</div>\r\n\r\n				<div class="mesto">\r\n					 <a class="bombear" id="34">\r\n					34\r\n					</a>\r\n					\r\n				</div>\r\n\r\n				<div class="mesto">\r\n					 <a class="bombear" id="36">\r\n					36\r\n					</a>\r\n					\r\n				</div>\r\n\r\n				<div class="mesto">\r\n					 <a class="bombear" id="42">\r\n					42\r\n					</a>\r\n					\r\n				</div>\r\n\r\n				<div class="mesto">\r\n					 <a class="bombear" id="44">\r\n					44\r\n					</a>\r\n					\r\n				</div>\r\n\r\n				<div class="mesto">\r\n					 <a class="bombear" id="50">\r\n					50\r\n					</a>\r\n					\r\n				</div>\r\n\r\n				<div class="mesto" style="opacity:0;">\r\n					 <a class="bombear" id="5">\r\n					5\r\n					</a>\r\n					\r\n				</div>\r\n			</div>\r\n\r\n			\r\n			<div class="col-3">\r\n				<div class="bukva">\r\n					C\r\n				</div>\r\n\r\n\r\n				<div class="mesto">\r\n					 <a class="bombear" id="3">\r\n					3\r\n					</a>\r\n					\r\n				</div>\r\n\r\n				<div class="mesto prohod">\r\n					\r\n					проход\r\n					\r\n					\r\n					\r\n				</div>\r\n\r\n				<div class="mesto">\r\n					 <a class="bombear" id="9">\r\n					9\r\n					</a>\r\n					\r\n				</div>\r\n\r\n				<div class="mesto">\r\n					 <a class="bombear" id="11">\r\n					11\r\n					</a>\r\n					\r\n				</div>\r\n\r\n				<div class="mesto">\r\n					 <a class="bombear" id="17">\r\n					17\r\n					</a>\r\n					\r\n				</div>\r\n\r\n				<div class="mesto">\r\n					 <a class="bombear" id="19">\r\n					19\r\n					</a>\r\n					\r\n				</div>\r\n\r\n				<div class="mesto">\r\n					 <a class="bombear" id="25">\r\n					25\r\n					</a>\r\n					\r\n				</div>\r\n\r\n				<div class="mesto prohod">\r\n					\r\n					проход\r\n					\r\n					\r\n				</div>\r\n\r\n				<div class="mesto">\r\n					 <a class="bombear" id="31">\r\n					31\r\n					</a>\r\n					\r\n				</div>\r\n\r\n				<div class="mesto">\r\n					 <a class="bombear" id="37">\r\n					37\r\n					</a>\r\n					\r\n				</div>\r\n\r\n				<div class="mesto">\r\n					 <a class="bombear" id="39">\r\n					39\r\n					</a>\r\n					\r\n				</div>\r\n\r\n				<div class="mesto">\r\n					 <a class="bombear" id="45">\r\n					45\r\n					</a>\r\n					\r\n				</div>\r\n\r\n				<div class="mesto">\r\n					 <a class="bombear" id="47">\r\n					47\r\n					</a>\r\n					\r\n				</div>\r\n\r\n				<div class="mesto">\r\n					 <a class="bombear" id="52">\r\n					52\r\n					</a>\r\n					\r\n				</div>\r\n\r\n				<div class="mesto nomest ">\r\n					 <a class="bombear">\r\n					gecnj\r\n					</a>\r\n					\r\n				</div>\r\n			</div>\r\n\r\n			<div class="col-4">\r\n\r\n				<div class="bukva">\r\n					D\r\n				</div>\r\n\r\n\r\n\r\n\r\n				<div class="mesto">\r\n					 <a class="bombear" id="4">\r\n					4\r\n					</a>\r\n					\r\n				</div>\r\n\r\n				<div class="mesto prohod">\r\n					\r\n					вниз\r\n					\r\n					\r\n				</div>\r\n\r\n				<div class="mesto">\r\n					 <a class="bombear" id="10">\r\n					10\r\n					</a>\r\n					\r\n				</div>\r\n\r\n				<div class="mesto">\r\n					 <a class="bombear" id="12">\r\n					12\r\n					</a>\r\n					\r\n				</div>\r\n\r\n				<div class="mesto">\r\n					 <a class="bombear" id="18">\r\n					18\r\n					</a>\r\n					\r\n				</div>\r\n\r\n				<div class="mesto">\r\n					 <a class="bombear" id="20">\r\n					20\r\n					</a>\r\n					\r\n				</div>\r\n\r\n				<div class="mesto">\r\n					 <a class="bombear" id="26">\r\n					26\r\n					</a>\r\n					\r\n				</div>\r\n\r\n				<div class="mesto prohod">\r\n					\r\n					туалет\r\n					\r\n					\r\n				</div>\r\n\r\n				<div class="mesto">\r\n					 <a class="bombear" id="32">\r\n					32\r\n					</a>\r\n					\r\n				</div>\r\n\r\n				<div class="mesto">\r\n					 <a class="bombear" id="38">\r\n					38\r\n					</a>\r\n					\r\n				</div>\r\n\r\n				<div class="mesto">\r\n					 <a class="bombear" id="40">\r\n					40\r\n					</a>\r\n					\r\n				</div>\r\n\r\n				<div class="mesto">\r\n					 <a class="bombear" id="46">\r\n					46\r\n					</a>\r\n					\r\n				</div>\r\n\r\n				<div class="mesto">\r\n					 <a class="bombear" id="48">\r\n					48\r\n					</a>\r\n					\r\n				</div>\r\n\r\n				<div class="mesto">\r\n					 <a class="bombear" id="53">\r\n					53\r\n					</a>\r\n					\r\n				</div>\r\n\r\n				<div class="mesto nomest ">\r\n					 <a class="bombear">\r\n					ytn\r\n					</a>\r\n					\r\n				</div>\r\n			</div>\r\n		</div>');

-- --------------------------------------------------------

--
-- Структура таблицы `buses_to_dates`
--

CREATE TABLE IF NOT EXISTS `buses_to_dates` (
  `id` int(11) NOT NULL AUTO_INCREMENT,
  `bus_id` int(11) NOT NULL,
  `dir_date_id` int(11) NOT NULL,
  PRIMARY KEY (`id`)
) ENGINE=InnoDB  DEFAULT CHARSET=utf8 AUTO_INCREMENT=108 ;

--
-- Дамп данных таблицы `buses_to_dates`
--

INSERT INTO `buses_to_dates` (`id`, `bus_id`, `dir_date_id`) VALUES
(86, 1, 5),
(87, 1, 6),
(88, 1, 7),
(89, 1, 8),
(90, 1, 9),
(91, 1, 10),
(92, 1, 11),
(93, 1, 12),
(94, 1, 13),
(95, 1, 14),
(96, 1, 15),
(97, 1, 16),
(98, 1, 17),
(99, 1, 18),
(100, 1, 19),
(101, 1, 20),
(102, 1, 21),
(103, 1, 22),
(104, 1, 23),
(105, 1, 24),
(106, 1, 25),
(107, 1, 26);

-- --------------------------------------------------------

--
-- Структура таблицы `clients`
--

CREATE TABLE IF NOT EXISTS `clients` (
  `id` int(11) NOT NULL AUTO_INCREMENT,
  `fio` varchar(255) NOT NULL,
  `passport` varchar(255) NOT NULL,
  `age` int(11) NOT NULL,
  `phone` varchar(50) NOT NULL,
  `comment` text NOT NULL,
  PRIMARY KEY (`id`)
) ENGINE=InnoDB  DEFAULT CHARSET=utf8 AUTO_INCREMENT=29 ;

--
-- Дамп данных таблицы `clients`
--

INSERT INTO `clients` (`id`, `fio`, `passport`, `age`, `phone`, `comment`) VALUES
(17, 'Петр Петров', '', 0, '55-55-55', 'данные'),
(18, 'Иван Иванов', '', 0, '', ''),
(19, 'Алексей Алексеевич', '', 0, '', ''),
(20, 'Петр Петров', '', 0, '', ''),
(22, 'Белкина Галина Геннадиевна', '14 05 696720', 53, '8-51-133-30-38', ''),
(23, 'Горгола М.А.', '1405 557944', 0, '8-960-624-24-44', ''),
(24, 'Горгола М.А.', '1405 557944', 0, '89606242444', ''),
(25, 'Чайка Д.Ю.', '1414853498534897', 87623, '9823758923752', '876345отмлотвам'),
(26, 'Горгола М.А.', '1405 557944', 0, '89606242444', ''),
(27, 'рарара', '', 0, '77777', ''),
(28, 'Горгола М.А.', '1405 557944', 0, '89606242444', '');

-- --------------------------------------------------------

--
-- Структура таблицы `directions`
--

CREATE TABLE IF NOT EXISTS `directions` (
  `id` int(11) NOT NULL AUTO_INCREMENT,
  `description` varchar(255) NOT NULL,
  PRIMARY KEY (`id`)
) ENGINE=InnoDB  DEFAULT CHARSET=utf8 AUTO_INCREMENT=2 ;

--
-- Дамп данных таблицы `directions`
--

INSERT INTO `directions` (`id`, `description`) VALUES
(1, 'Ст.Оскол — порт Кавказ — Приморский-Береговое-Феодосия — Судак');

-- --------------------------------------------------------

--
-- Структура таблицы `dir_dates`
--

CREATE TABLE IF NOT EXISTS `dir_dates` (
  `id` int(11) NOT NULL AUTO_INCREMENT,
  `date` datetime NOT NULL,
  `from_city` tinyint(1) NOT NULL,
  `direction_id` int(11) NOT NULL,
  PRIMARY KEY (`id`)
) ENGINE=InnoDB  DEFAULT CHARSET=utf8 AUTO_INCREMENT=27 ;

--
-- Дамп данных таблицы `dir_dates`
--

INSERT INTO `dir_dates` (`id`, `date`, `from_city`, `direction_id`) VALUES
(5, '2015-06-19 00:00:00', 1, 1),
(6, '2015-06-20 00:00:00', 0, 1),
(7, '2015-06-26 00:00:00', 1, 1),
(8, '2015-06-27 00:00:00', 0, 1),
(9, '2015-07-03 00:00:00', 1, 1),
(10, '2015-07-04 00:00:00', 0, 1),
(11, '2015-07-10 00:00:00', 1, 1),
(12, '2015-07-11 00:00:00', 0, 1),
(13, '2015-07-17 00:00:00', 1, 1),
(14, '2015-07-18 00:00:00', 0, 1),
(15, '2015-07-24 00:00:00', 1, 1),
(16, '2015-07-25 00:00:00', 0, 1),
(17, '2015-07-31 00:00:00', 1, 1),
(18, '2015-08-01 00:00:00', 0, 1),
(19, '2015-08-07 00:00:00', 1, 1),
(20, '2015-08-08 00:00:00', 0, 1),
(21, '2015-08-14 00:00:00', 1, 1),
(22, '2015-08-15 00:00:00', 0, 1),
(23, '2015-08-21 00:00:00', 1, 1),
(24, '2015-08-22 00:00:00', 0, 1),
(25, '2015-08-28 00:00:00', 1, 1),
(26, '2015-08-29 00:00:00', 0, 1);

-- --------------------------------------------------------

--
-- Структура таблицы `hotels`
--

CREATE TABLE IF NOT EXISTS `hotels` (
  `id` int(11) NOT NULL AUTO_INCREMENT,
  `title` varchar(255) NOT NULL,
  `description` text NOT NULL,
  PRIMARY KEY (`id`)
) ENGINE=InnoDB  DEFAULT CHARSET=utf8 AUTO_INCREMENT=8 ;

--
-- Дамп данных таблицы `hotels`
--

INSERT INTO `hotels` (`id`, `title`, `description`) VALUES
(3, 'Риф', ''),
(4, 'Роксана', ''),
(5, 'У Катюши', ''),
(6, 'У моря', ''),
(7, 'Зеленый дворик', '');

-- --------------------------------------------------------

--
-- Структура таблицы `hotel_dates`
--

CREATE TABLE IF NOT EXISTS `hotel_dates` (
  `id` int(11) NOT NULL AUTO_INCREMENT,
  `date` datetime NOT NULL,
  `hotel_id` int(11) NOT NULL,
  `hotel_room_id` int(11) NOT NULL,
  `free_room` int(11) NOT NULL,
  PRIMARY KEY (`id`)
) ENGINE=InnoDB  DEFAULT CHARSET=utf8 AUTO_INCREMENT=764 ;

--
-- Дамп данных таблицы `hotel_dates`
--

INSERT INTO `hotel_dates` (`id`, `date`, `hotel_id`, `hotel_room_id`, `free_room`) VALUES
(16, '2015-06-19 00:00:00', 3, 7, 0),
(17, '2015-06-19 00:00:00', 3, 8, 0),
(18, '2015-06-19 00:00:00', 3, 9, 0),
(19, '2015-06-19 00:00:00', 3, 10, 1),
(20, '2015-06-19 00:00:00', 3, 11, 1),
(21, '2015-06-19 00:00:00', 3, 12, 1),
(22, '2015-06-19 00:00:00', 3, 13, 1),
(23, '2015-06-19 00:00:00', 3, 14, 1),
(24, '2015-06-19 00:00:00', 3, 15, 1),
(25, '2015-06-19 00:00:00', 3, 16, 0),
(26, '2015-06-19 00:00:00', 3, 17, 1),
(27, '2015-06-26 00:00:00', 3, 7, 0),
(28, '2015-06-26 00:00:00', 3, 8, 1),
(29, '2015-06-26 00:00:00', 3, 9, 1),
(30, '2015-06-26 00:00:00', 3, 10, 1),
(31, '2015-06-26 00:00:00', 3, 11, 1),
(32, '2015-06-26 00:00:00', 3, 12, 1),
(33, '2015-06-26 00:00:00', 3, 13, 1),
(34, '2015-06-26 00:00:00', 3, 14, 1),
(35, '2015-06-26 00:00:00', 3, 15, 1),
(36, '2015-06-26 00:00:00', 3, 16, 1),
(37, '2015-06-26 00:00:00', 3, 17, 1),
(38, '2015-07-03 00:00:00', 3, 7, 1),
(39, '2015-07-03 00:00:00', 3, 8, 1),
(40, '2015-07-03 00:00:00', 3, 9, 1),
(41, '2015-07-03 00:00:00', 3, 10, 1),
(42, '2015-07-03 00:00:00', 3, 11, 1),
(43, '2015-07-03 00:00:00', 3, 12, 1),
(44, '2015-07-03 00:00:00', 3, 13, 1),
(45, '2015-07-03 00:00:00', 3, 14, 1),
(46, '2015-07-03 00:00:00', 3, 15, 1),
(47, '2015-07-03 00:00:00', 3, 16, 1),
(48, '2015-07-03 00:00:00', 3, 17, 1),
(49, '2015-07-10 00:00:00', 3, 7, 1),
(50, '2015-07-10 00:00:00', 3, 8, 1),
(51, '2015-07-10 00:00:00', 3, 9, 1),
(52, '2015-07-10 00:00:00', 3, 10, 1),
(53, '2015-07-10 00:00:00', 3, 11, 1),
(54, '2015-07-10 00:00:00', 3, 12, 1),
(55, '2015-07-10 00:00:00', 3, 13, 1),
(56, '2015-07-10 00:00:00', 3, 14, 1),
(57, '2015-07-10 00:00:00', 3, 15, 1),
(58, '2015-07-10 00:00:00', 3, 16, 1),
(59, '2015-07-10 00:00:00', 3, 17, 1),
(60, '2015-07-17 00:00:00', 3, 7, 1),
(61, '2015-07-17 00:00:00', 3, 8, 1),
(62, '2015-07-17 00:00:00', 3, 9, 1),
(63, '2015-07-17 00:00:00', 3, 10, 1),
(64, '2015-07-17 00:00:00', 3, 11, 1),
(65, '2015-07-17 00:00:00', 3, 12, 1),
(66, '2015-07-17 00:00:00', 3, 13, 1),
(67, '2015-07-17 00:00:00', 3, 14, 1),
(68, '2015-07-17 00:00:00', 3, 15, 1),
(69, '2015-07-17 00:00:00', 3, 16, 1),
(70, '2015-07-17 00:00:00', 3, 17, 1),
(71, '2015-07-24 00:00:00', 3, 7, 1),
(72, '2015-07-24 00:00:00', 3, 8, 1),
(73, '2015-07-24 00:00:00', 3, 9, 1),
(74, '2015-07-24 00:00:00', 3, 10, 1),
(75, '2015-07-24 00:00:00', 3, 11, 1),
(76, '2015-07-24 00:00:00', 3, 12, 1),
(77, '2015-07-24 00:00:00', 3, 13, 1),
(78, '2015-07-24 00:00:00', 3, 14, 1),
(79, '2015-07-24 00:00:00', 3, 15, 1),
(80, '2015-07-24 00:00:00', 3, 16, 1),
(81, '2015-07-24 00:00:00', 3, 17, 1),
(82, '2015-07-31 00:00:00', 3, 7, 1),
(83, '2015-07-31 00:00:00', 3, 8, 1),
(84, '2015-07-31 00:00:00', 3, 9, 1),
(85, '2015-07-31 00:00:00', 3, 10, 1),
(86, '2015-07-31 00:00:00', 3, 11, 1),
(87, '2015-07-31 00:00:00', 3, 12, 1),
(88, '2015-07-31 00:00:00', 3, 13, 1),
(89, '2015-07-31 00:00:00', 3, 14, 1),
(90, '2015-07-31 00:00:00', 3, 15, 1),
(91, '2015-07-31 00:00:00', 3, 16, 1),
(92, '2015-07-31 00:00:00', 3, 17, 1),
(93, '2015-08-07 00:00:00', 3, 7, 1),
(94, '2015-08-07 00:00:00', 3, 8, 1),
(95, '2015-08-07 00:00:00', 3, 9, 1),
(96, '2015-08-07 00:00:00', 3, 10, 1),
(97, '2015-08-07 00:00:00', 3, 11, 1),
(98, '2015-08-07 00:00:00', 3, 12, 1),
(99, '2015-08-07 00:00:00', 3, 13, 1),
(100, '2015-08-07 00:00:00', 3, 14, 1),
(101, '2015-08-07 00:00:00', 3, 15, 1),
(102, '2015-08-07 00:00:00', 3, 16, 1),
(103, '2015-08-07 00:00:00', 3, 17, 1),
(104, '2015-08-14 00:00:00', 3, 7, 1),
(105, '2015-08-14 00:00:00', 3, 8, 1),
(106, '2015-08-14 00:00:00', 3, 9, 1),
(107, '2015-08-14 00:00:00', 3, 10, 1),
(108, '2015-08-14 00:00:00', 3, 11, 1),
(109, '2015-08-14 00:00:00', 3, 12, 1),
(110, '2015-08-14 00:00:00', 3, 13, 1),
(111, '2015-08-14 00:00:00', 3, 14, 1),
(112, '2015-08-14 00:00:00', 3, 15, 1),
(113, '2015-08-14 00:00:00', 3, 16, 1),
(114, '2015-08-14 00:00:00', 3, 17, 1),
(115, '2015-08-21 00:00:00', 3, 7, 1),
(116, '2015-08-21 00:00:00', 3, 8, 1),
(117, '2015-08-21 00:00:00', 3, 9, 1),
(118, '2015-08-21 00:00:00', 3, 10, 1),
(119, '2015-08-21 00:00:00', 3, 11, 1),
(120, '2015-08-21 00:00:00', 3, 12, 1),
(121, '2015-08-21 00:00:00', 3, 13, 1),
(122, '2015-08-21 00:00:00', 3, 14, 1),
(123, '2015-08-21 00:00:00', 3, 15, 1),
(124, '2015-08-21 00:00:00', 3, 16, 1),
(125, '2015-08-21 00:00:00', 3, 17, 1),
(126, '2015-08-28 00:00:00', 3, 7, 1),
(127, '2015-08-28 00:00:00', 3, 8, 1),
(128, '2015-08-28 00:00:00', 3, 9, 1),
(129, '2015-08-28 00:00:00', 3, 10, 1),
(130, '2015-08-28 00:00:00', 3, 11, 1),
(131, '2015-08-28 00:00:00', 3, 12, 1),
(132, '2015-08-28 00:00:00', 3, 13, 1),
(133, '2015-08-28 00:00:00', 3, 14, 1),
(134, '2015-08-28 00:00:00', 3, 15, 1),
(135, '2015-08-28 00:00:00', 3, 16, 1),
(136, '2015-08-28 00:00:00', 3, 17, 1),
(137, '2015-06-19 00:00:00', 4, 29, 1),
(138, '2015-06-19 00:00:00', 4, 20, 1),
(139, '2015-06-19 00:00:00', 4, 21, 1),
(140, '2015-06-19 00:00:00', 4, 22, 1),
(141, '2015-06-19 00:00:00', 4, 23, 1),
(142, '2015-06-19 00:00:00', 4, 24, 1),
(143, '2015-06-19 00:00:00', 4, 25, 1),
(144, '2015-06-19 00:00:00', 4, 26, 1),
(145, '2015-06-19 00:00:00', 4, 27, 1),
(146, '2015-06-19 00:00:00', 4, 28, 1),
(147, '2015-06-19 00:00:00', 4, 19, 1),
(148, '2015-06-19 00:00:00', 4, 18, 1),
(149, '2015-06-26 00:00:00', 4, 29, 1),
(150, '2015-06-26 00:00:00', 4, 20, 1),
(151, '2015-06-26 00:00:00', 4, 21, 1),
(152, '2015-06-26 00:00:00', 4, 22, 1),
(153, '2015-06-26 00:00:00', 4, 23, 1),
(154, '2015-06-26 00:00:00', 4, 24, 1),
(155, '2015-06-26 00:00:00', 4, 25, 1),
(156, '2015-06-26 00:00:00', 4, 26, 1),
(157, '2015-06-26 00:00:00', 4, 27, 1),
(158, '2015-06-26 00:00:00', 4, 28, 1),
(159, '2015-06-26 00:00:00', 4, 19, 1),
(160, '2015-06-26 00:00:00', 4, 18, 1),
(161, '2015-07-03 00:00:00', 4, 29, 1),
(162, '2015-07-03 00:00:00', 4, 20, 1),
(163, '2015-07-03 00:00:00', 4, 21, 1),
(164, '2015-07-03 00:00:00', 4, 22, 1),
(165, '2015-07-03 00:00:00', 4, 23, 1),
(166, '2015-07-03 00:00:00', 4, 24, 1),
(167, '2015-07-03 00:00:00', 4, 25, 1),
(168, '2015-07-03 00:00:00', 4, 26, 1),
(169, '2015-07-03 00:00:00', 4, 27, 1),
(170, '2015-07-03 00:00:00', 4, 28, 1),
(171, '2015-07-03 00:00:00', 4, 19, 1),
(172, '2015-07-03 00:00:00', 4, 18, 1),
(173, '2015-07-10 00:00:00', 4, 29, 1),
(174, '2015-07-10 00:00:00', 4, 20, 1),
(175, '2015-07-10 00:00:00', 4, 21, 1),
(176, '2015-07-10 00:00:00', 4, 22, 1),
(177, '2015-07-10 00:00:00', 4, 23, 1),
(178, '2015-07-10 00:00:00', 4, 24, 1),
(179, '2015-07-10 00:00:00', 4, 25, 1),
(180, '2015-07-10 00:00:00', 4, 26, 1),
(181, '2015-07-10 00:00:00', 4, 27, 1),
(182, '2015-07-10 00:00:00', 4, 28, 1),
(183, '2015-07-10 00:00:00', 4, 19, 1),
(184, '2015-07-10 00:00:00', 4, 18, 1),
(185, '2015-07-17 00:00:00', 4, 29, 1),
(186, '2015-07-17 00:00:00', 4, 20, 1),
(187, '2015-07-17 00:00:00', 4, 21, 1),
(188, '2015-07-17 00:00:00', 4, 22, 1),
(189, '2015-07-17 00:00:00', 4, 23, 1),
(190, '2015-07-17 00:00:00', 4, 24, 1),
(191, '2015-07-17 00:00:00', 4, 25, 1),
(192, '2015-07-17 00:00:00', 4, 26, 1),
(193, '2015-07-17 00:00:00', 4, 27, 1),
(194, '2015-07-17 00:00:00', 4, 28, 1),
(195, '2015-07-17 00:00:00', 4, 19, 1),
(196, '2015-07-17 00:00:00', 4, 18, 1),
(197, '2015-07-24 00:00:00', 4, 29, 1),
(198, '2015-07-24 00:00:00', 4, 20, 1),
(199, '2015-07-24 00:00:00', 4, 21, 1),
(200, '2015-07-24 00:00:00', 4, 22, 1),
(201, '2015-07-24 00:00:00', 4, 23, 1),
(202, '2015-07-24 00:00:00', 4, 24, 1),
(203, '2015-07-24 00:00:00', 4, 25, 1),
(204, '2015-07-24 00:00:00', 4, 26, 1),
(205, '2015-07-24 00:00:00', 4, 27, 1),
(206, '2015-07-24 00:00:00', 4, 28, 1),
(207, '2015-07-24 00:00:00', 4, 19, 1),
(208, '2015-07-24 00:00:00', 4, 18, 1),
(209, '2015-07-31 00:00:00', 4, 29, 1),
(210, '2015-07-31 00:00:00', 4, 20, 1),
(211, '2015-07-31 00:00:00', 4, 21, 1),
(212, '2015-07-31 00:00:00', 4, 22, 1),
(213, '2015-07-31 00:00:00', 4, 23, 1),
(214, '2015-07-31 00:00:00', 4, 24, 1),
(215, '2015-07-31 00:00:00', 4, 25, 1),
(216, '2015-07-31 00:00:00', 4, 26, 1),
(217, '2015-07-31 00:00:00', 4, 27, 1),
(218, '2015-07-31 00:00:00', 4, 28, 1),
(219, '2015-07-31 00:00:00', 4, 19, 1),
(220, '2015-07-31 00:00:00', 4, 18, 1),
(221, '2015-08-07 00:00:00', 4, 29, 1),
(222, '2015-08-07 00:00:00', 4, 20, 1),
(223, '2015-08-07 00:00:00', 4, 21, 1),
(224, '2015-08-07 00:00:00', 4, 22, 1),
(225, '2015-08-07 00:00:00', 4, 23, 1),
(226, '2015-08-07 00:00:00', 4, 24, 1),
(227, '2015-08-07 00:00:00', 4, 25, 1),
(228, '2015-08-07 00:00:00', 4, 26, 1),
(229, '2015-08-07 00:00:00', 4, 27, 1),
(230, '2015-08-07 00:00:00', 4, 28, 1),
(231, '2015-08-07 00:00:00', 4, 19, 1),
(232, '2015-08-07 00:00:00', 4, 18, 1),
(233, '2015-08-14 00:00:00', 4, 29, 1),
(234, '2015-08-14 00:00:00', 4, 20, 1),
(235, '2015-08-14 00:00:00', 4, 21, 1),
(236, '2015-08-14 00:00:00', 4, 22, 1),
(237, '2015-08-14 00:00:00', 4, 23, 1),
(238, '2015-08-14 00:00:00', 4, 24, 1),
(239, '2015-08-14 00:00:00', 4, 25, 1),
(240, '2015-08-14 00:00:00', 4, 26, 1),
(241, '2015-08-14 00:00:00', 4, 27, 1),
(242, '2015-08-14 00:00:00', 4, 28, 1),
(243, '2015-08-14 00:00:00', 4, 19, 1),
(244, '2015-08-14 00:00:00', 4, 18, 1),
(245, '2015-08-21 00:00:00', 4, 29, 1),
(246, '2015-08-21 00:00:00', 4, 20, 1),
(247, '2015-08-21 00:00:00', 4, 21, 1),
(248, '2015-08-21 00:00:00', 4, 22, 1),
(249, '2015-08-21 00:00:00', 4, 23, 1),
(250, '2015-08-21 00:00:00', 4, 24, 1),
(251, '2015-08-21 00:00:00', 4, 25, 1),
(252, '2015-08-21 00:00:00', 4, 26, 1),
(253, '2015-08-21 00:00:00', 4, 27, 1),
(254, '2015-08-21 00:00:00', 4, 28, 1),
(255, '2015-08-21 00:00:00', 4, 19, 1),
(256, '2015-08-21 00:00:00', 4, 18, 1),
(257, '2015-08-28 00:00:00', 4, 29, 1),
(258, '2015-08-28 00:00:00', 4, 20, 1),
(259, '2015-08-28 00:00:00', 4, 21, 1),
(260, '2015-08-28 00:00:00', 4, 22, 1),
(261, '2015-08-28 00:00:00', 4, 23, 1),
(262, '2015-08-28 00:00:00', 4, 24, 1),
(263, '2015-08-28 00:00:00', 4, 25, 1),
(264, '2015-08-28 00:00:00', 4, 26, 1),
(265, '2015-08-28 00:00:00', 4, 27, 1),
(266, '2015-08-28 00:00:00', 4, 28, 1),
(267, '2015-08-28 00:00:00', 4, 19, 1),
(268, '2015-08-28 00:00:00', 4, 18, 1),
(269, '2015-08-28 00:00:00', 5, 37, 1),
(270, '2015-08-28 00:00:00', 5, 36, 1),
(271, '2015-08-28 00:00:00', 5, 35, 1),
(272, '2015-08-28 00:00:00', 5, 34, 1),
(273, '2015-08-28 00:00:00', 5, 33, 1),
(274, '2015-08-28 00:00:00', 5, 32, 1),
(275, '2015-08-28 00:00:00', 5, 31, 1),
(276, '2015-08-28 00:00:00', 5, 30, 1),
(277, '2015-06-19 00:00:00', 5, 37, 1),
(278, '2015-06-19 00:00:00', 5, 36, 1),
(279, '2015-06-19 00:00:00', 5, 35, 1),
(280, '2015-06-19 00:00:00', 5, 34, 1),
(281, '2015-06-19 00:00:00', 5, 33, 1),
(282, '2015-06-19 00:00:00', 5, 32, 1),
(283, '2015-06-19 00:00:00', 5, 31, 1),
(284, '2015-06-19 00:00:00', 5, 30, 1),
(285, '2015-06-26 00:00:00', 5, 37, 1),
(286, '2015-06-26 00:00:00', 5, 36, 1),
(287, '2015-06-26 00:00:00', 5, 35, 1),
(288, '2015-06-26 00:00:00', 5, 34, 1),
(289, '2015-06-26 00:00:00', 5, 33, 1),
(290, '2015-06-26 00:00:00', 5, 32, 1),
(291, '2015-06-26 00:00:00', 5, 31, 1),
(292, '2015-06-26 00:00:00', 5, 30, 1),
(293, '2015-07-03 00:00:00', 5, 37, 1),
(294, '2015-07-03 00:00:00', 5, 36, 1),
(295, '2015-07-03 00:00:00', 5, 35, 1),
(296, '2015-07-03 00:00:00', 5, 34, 1),
(297, '2015-07-03 00:00:00', 5, 33, 1),
(298, '2015-07-03 00:00:00', 5, 32, 1),
(299, '2015-07-03 00:00:00', 5, 31, 1),
(300, '2015-07-03 00:00:00', 5, 30, 1),
(301, '2015-07-10 00:00:00', 5, 37, 1),
(302, '2015-07-10 00:00:00', 5, 36, 1),
(303, '2015-07-10 00:00:00', 5, 35, 1),
(304, '2015-07-10 00:00:00', 5, 34, 1),
(305, '2015-07-10 00:00:00', 5, 33, 1),
(306, '2015-07-10 00:00:00', 5, 32, 1),
(307, '2015-07-10 00:00:00', 5, 31, 1),
(308, '2015-07-10 00:00:00', 5, 30, 1),
(309, '2015-07-17 00:00:00', 5, 37, 1),
(310, '2015-07-17 00:00:00', 5, 36, 1),
(311, '2015-07-17 00:00:00', 5, 35, 1),
(312, '2015-07-17 00:00:00', 5, 34, 1),
(313, '2015-07-17 00:00:00', 5, 33, 1),
(314, '2015-07-17 00:00:00', 5, 32, 1),
(315, '2015-07-17 00:00:00', 5, 31, 1),
(316, '2015-07-17 00:00:00', 5, 30, 1),
(317, '2015-07-24 00:00:00', 5, 37, 1),
(318, '2015-07-24 00:00:00', 5, 36, 1),
(319, '2015-07-24 00:00:00', 5, 35, 1),
(320, '2015-07-24 00:00:00', 5, 34, 1),
(321, '2015-07-24 00:00:00', 5, 33, 1),
(322, '2015-07-24 00:00:00', 5, 32, 1),
(323, '2015-07-24 00:00:00', 5, 31, 1),
(324, '2015-07-24 00:00:00', 5, 30, 1),
(325, '2015-07-31 00:00:00', 5, 37, 1),
(326, '2015-07-31 00:00:00', 5, 36, 1),
(327, '2015-07-31 00:00:00', 5, 35, 1),
(328, '2015-07-31 00:00:00', 5, 34, 1),
(329, '2015-07-31 00:00:00', 5, 33, 1),
(330, '2015-07-31 00:00:00', 5, 32, 1),
(331, '2015-07-31 00:00:00', 5, 31, 1),
(332, '2015-07-31 00:00:00', 5, 30, 1),
(333, '2015-08-07 00:00:00', 5, 37, 1),
(334, '2015-08-07 00:00:00', 5, 36, 1),
(335, '2015-08-07 00:00:00', 5, 35, 1),
(336, '2015-08-07 00:00:00', 5, 34, 1),
(337, '2015-08-07 00:00:00', 5, 33, 1),
(338, '2015-08-07 00:00:00', 5, 32, 1),
(339, '2015-08-07 00:00:00', 5, 31, 1),
(340, '2015-08-07 00:00:00', 5, 30, 1),
(341, '2015-08-14 00:00:00', 5, 37, 1),
(342, '2015-08-14 00:00:00', 5, 36, 1),
(343, '2015-08-14 00:00:00', 5, 35, 1),
(344, '2015-08-14 00:00:00', 5, 34, 1),
(345, '2015-08-14 00:00:00', 5, 33, 1),
(346, '2015-08-14 00:00:00', 5, 32, 1),
(347, '2015-08-14 00:00:00', 5, 31, 1),
(348, '2015-08-14 00:00:00', 5, 30, 1),
(349, '2015-08-21 00:00:00', 5, 37, 1),
(350, '2015-08-21 00:00:00', 5, 36, 1),
(351, '2015-08-21 00:00:00', 5, 35, 1),
(352, '2015-08-21 00:00:00', 5, 34, 1),
(353, '2015-08-21 00:00:00', 5, 33, 1),
(354, '2015-08-21 00:00:00', 5, 32, 1),
(355, '2015-08-21 00:00:00', 5, 31, 1),
(356, '2015-08-21 00:00:00', 5, 30, 1),
(357, '2015-06-19 00:00:00', 6, 63, 1),
(358, '2015-06-19 00:00:00', 6, 62, 1),
(359, '2015-06-19 00:00:00', 6, 61, 1),
(360, '2015-06-19 00:00:00', 6, 60, 1),
(361, '2015-06-19 00:00:00', 6, 59, 1),
(362, '2015-06-19 00:00:00', 6, 58, 1),
(363, '2015-06-19 00:00:00', 6, 57, 1),
(364, '2015-06-19 00:00:00', 6, 56, 1),
(365, '2015-06-19 00:00:00', 6, 55, 1),
(366, '2015-06-19 00:00:00', 6, 54, 1),
(367, '2015-06-19 00:00:00', 6, 53, 0),
(368, '2015-06-19 00:00:00', 6, 52, 0),
(369, '2015-06-19 00:00:00', 6, 51, 1),
(370, '2015-06-19 00:00:00', 6, 50, 1),
(371, '2015-06-19 00:00:00', 6, 49, 1),
(372, '2015-06-19 00:00:00', 6, 48, 1),
(373, '2015-06-19 00:00:00', 6, 47, 1),
(374, '2015-06-19 00:00:00', 6, 46, 1),
(375, '2015-06-19 00:00:00', 6, 45, 1),
(376, '2015-06-19 00:00:00', 6, 44, 1),
(377, '2015-06-19 00:00:00', 6, 43, 1),
(378, '2015-06-19 00:00:00', 6, 42, 1),
(379, '2015-06-19 00:00:00', 6, 41, 1),
(380, '2015-06-19 00:00:00', 6, 40, 1),
(381, '2015-06-19 00:00:00', 6, 39, 1),
(382, '2015-06-19 00:00:00', 6, 38, 1),
(383, '2015-06-26 00:00:00', 6, 63, 1),
(384, '2015-06-26 00:00:00', 6, 62, 1),
(385, '2015-06-26 00:00:00', 6, 61, 1),
(386, '2015-06-26 00:00:00', 6, 60, 1),
(387, '2015-06-26 00:00:00', 6, 59, 1),
(388, '2015-06-26 00:00:00', 6, 58, 1),
(389, '2015-06-26 00:00:00', 6, 57, 1),
(390, '2015-06-26 00:00:00', 6, 56, 1),
(391, '2015-06-26 00:00:00', 6, 55, 1),
(392, '2015-06-26 00:00:00', 6, 54, 1),
(393, '2015-06-26 00:00:00', 6, 53, 1),
(394, '2015-06-26 00:00:00', 6, 52, 1),
(395, '2015-06-26 00:00:00', 6, 51, 1),
(396, '2015-06-26 00:00:00', 6, 50, 1),
(397, '2015-06-26 00:00:00', 6, 49, 1),
(398, '2015-06-26 00:00:00', 6, 48, 1),
(399, '2015-06-26 00:00:00', 6, 47, 1),
(400, '2015-06-26 00:00:00', 6, 46, 1),
(401, '2015-06-26 00:00:00', 6, 45, 1),
(402, '2015-06-26 00:00:00', 6, 44, 1),
(403, '2015-06-26 00:00:00', 6, 43, 1),
(404, '2015-06-26 00:00:00', 6, 42, 1),
(405, '2015-06-26 00:00:00', 6, 41, 1),
(406, '2015-06-26 00:00:00', 6, 40, 1),
(407, '2015-06-26 00:00:00', 6, 39, 1),
(408, '2015-06-26 00:00:00', 6, 38, 1),
(409, '2015-07-03 00:00:00', 6, 63, 1),
(410, '2015-07-03 00:00:00', 6, 62, 1),
(411, '2015-07-03 00:00:00', 6, 61, 1),
(412, '2015-07-03 00:00:00', 6, 60, 1),
(413, '2015-07-03 00:00:00', 6, 59, 1),
(414, '2015-07-03 00:00:00', 6, 58, 1),
(415, '2015-07-03 00:00:00', 6, 57, 1),
(416, '2015-07-03 00:00:00', 6, 56, 1),
(417, '2015-07-03 00:00:00', 6, 55, 1),
(418, '2015-07-03 00:00:00', 6, 54, 1),
(419, '2015-07-03 00:00:00', 6, 53, 1),
(420, '2015-07-03 00:00:00', 6, 52, 1),
(421, '2015-07-03 00:00:00', 6, 51, 1),
(422, '2015-07-03 00:00:00', 6, 50, 1),
(423, '2015-07-03 00:00:00', 6, 49, 1),
(424, '2015-07-03 00:00:00', 6, 48, 1),
(425, '2015-07-03 00:00:00', 6, 47, 1),
(426, '2015-07-03 00:00:00', 6, 46, 1),
(427, '2015-07-03 00:00:00', 6, 45, 1),
(428, '2015-07-03 00:00:00', 6, 44, 1),
(429, '2015-07-03 00:00:00', 6, 43, 1),
(430, '2015-07-03 00:00:00', 6, 42, 1),
(431, '2015-07-03 00:00:00', 6, 41, 1),
(432, '2015-07-03 00:00:00', 6, 40, 1),
(433, '2015-07-03 00:00:00', 6, 39, 1),
(434, '2015-07-03 00:00:00', 6, 38, 1),
(435, '2015-07-10 00:00:00', 6, 63, 1),
(436, '2015-07-10 00:00:00', 6, 62, 1),
(437, '2015-07-10 00:00:00', 6, 61, 1),
(438, '2015-07-10 00:00:00', 6, 60, 1),
(439, '2015-07-10 00:00:00', 6, 59, 1),
(440, '2015-07-10 00:00:00', 6, 58, 1),
(441, '2015-07-10 00:00:00', 6, 57, 1),
(442, '2015-07-10 00:00:00', 6, 56, 1),
(443, '2015-07-10 00:00:00', 6, 55, 1),
(444, '2015-07-10 00:00:00', 6, 54, 1),
(445, '2015-07-10 00:00:00', 6, 53, 1),
(446, '2015-07-10 00:00:00', 6, 52, 1),
(447, '2015-07-10 00:00:00', 6, 51, 1),
(448, '2015-07-10 00:00:00', 6, 50, 1),
(449, '2015-07-10 00:00:00', 6, 49, 1),
(450, '2015-07-10 00:00:00', 6, 48, 1),
(451, '2015-07-10 00:00:00', 6, 47, 1),
(452, '2015-07-10 00:00:00', 6, 46, 1),
(453, '2015-07-10 00:00:00', 6, 45, 1),
(454, '2015-07-10 00:00:00', 6, 44, 1),
(455, '2015-07-10 00:00:00', 6, 43, 1),
(456, '2015-07-10 00:00:00', 6, 42, 1),
(457, '2015-07-10 00:00:00', 6, 41, 1),
(458, '2015-07-10 00:00:00', 6, 40, 1),
(459, '2015-07-10 00:00:00', 6, 39, 1),
(460, '2015-07-10 00:00:00', 6, 38, 1),
(461, '2015-07-17 00:00:00', 6, 63, 1),
(462, '2015-07-17 00:00:00', 6, 62, 1),
(463, '2015-07-17 00:00:00', 6, 61, 1),
(464, '2015-07-17 00:00:00', 6, 60, 1),
(465, '2015-07-17 00:00:00', 6, 59, 1),
(466, '2015-07-17 00:00:00', 6, 58, 1),
(467, '2015-07-17 00:00:00', 6, 57, 1),
(468, '2015-07-17 00:00:00', 6, 56, 1),
(469, '2015-07-17 00:00:00', 6, 55, 1),
(470, '2015-07-17 00:00:00', 6, 54, 1),
(471, '2015-07-17 00:00:00', 6, 53, 0),
(472, '2015-07-17 00:00:00', 6, 52, 0),
(473, '2015-07-17 00:00:00', 6, 51, 1),
(474, '2015-07-17 00:00:00', 6, 50, 1),
(475, '2015-07-17 00:00:00', 6, 49, 1),
(476, '2015-07-17 00:00:00', 6, 48, 1),
(477, '2015-07-17 00:00:00', 6, 47, 1),
(478, '2015-07-17 00:00:00', 6, 46, 1),
(479, '2015-07-17 00:00:00', 6, 45, 1),
(480, '2015-07-17 00:00:00', 6, 44, 1),
(481, '2015-07-17 00:00:00', 6, 43, 1),
(482, '2015-07-17 00:00:00', 6, 42, 1),
(483, '2015-07-17 00:00:00', 6, 41, 1),
(484, '2015-07-17 00:00:00', 6, 40, 1),
(485, '2015-07-17 00:00:00', 6, 39, 1),
(486, '2015-07-17 00:00:00', 6, 38, 1),
(487, '2015-07-24 00:00:00', 6, 63, 1),
(488, '2015-07-24 00:00:00', 6, 62, 1),
(489, '2015-07-24 00:00:00', 6, 61, 1),
(490, '2015-07-24 00:00:00', 6, 60, 1),
(491, '2015-07-24 00:00:00', 6, 59, 1),
(492, '2015-07-24 00:00:00', 6, 58, 1),
(493, '2015-07-24 00:00:00', 6, 57, 1),
(494, '2015-07-24 00:00:00', 6, 56, 1),
(495, '2015-07-24 00:00:00', 6, 55, 1),
(496, '2015-07-24 00:00:00', 6, 54, 1),
(497, '2015-07-24 00:00:00', 6, 53, 1),
(498, '2015-07-24 00:00:00', 6, 52, 1),
(499, '2015-07-24 00:00:00', 6, 51, 1),
(500, '2015-07-24 00:00:00', 6, 50, 1),
(501, '2015-07-24 00:00:00', 6, 49, 1),
(502, '2015-07-24 00:00:00', 6, 48, 1),
(503, '2015-07-24 00:00:00', 6, 47, 1),
(504, '2015-07-24 00:00:00', 6, 46, 1),
(505, '2015-07-24 00:00:00', 6, 45, 1),
(506, '2015-07-24 00:00:00', 6, 44, 1),
(507, '2015-07-24 00:00:00', 6, 43, 1),
(508, '2015-07-24 00:00:00', 6, 42, 1),
(509, '2015-07-24 00:00:00', 6, 41, 1),
(510, '2015-07-24 00:00:00', 6, 40, 1),
(511, '2015-07-24 00:00:00', 6, 39, 1),
(512, '2015-07-24 00:00:00', 6, 38, 1),
(513, '2015-07-31 00:00:00', 6, 63, 1),
(514, '2015-07-31 00:00:00', 6, 62, 1),
(515, '2015-07-31 00:00:00', 6, 61, 1),
(516, '2015-07-31 00:00:00', 6, 60, 1),
(517, '2015-07-31 00:00:00', 6, 59, 1),
(518, '2015-07-31 00:00:00', 6, 58, 1),
(519, '2015-07-31 00:00:00', 6, 57, 1),
(520, '2015-07-31 00:00:00', 6, 56, 1),
(521, '2015-07-31 00:00:00', 6, 55, 1),
(522, '2015-07-31 00:00:00', 6, 54, 1),
(523, '2015-07-31 00:00:00', 6, 53, 1),
(524, '2015-07-31 00:00:00', 6, 52, 1),
(525, '2015-07-31 00:00:00', 6, 51, 1),
(526, '2015-07-31 00:00:00', 6, 50, 1),
(527, '2015-07-31 00:00:00', 6, 49, 1),
(528, '2015-07-31 00:00:00', 6, 48, 1),
(529, '2015-07-31 00:00:00', 6, 47, 1),
(530, '2015-07-31 00:00:00', 6, 46, 1),
(531, '2015-07-31 00:00:00', 6, 45, 1),
(532, '2015-07-31 00:00:00', 6, 44, 1),
(533, '2015-07-31 00:00:00', 6, 43, 1),
(534, '2015-07-31 00:00:00', 6, 42, 1),
(535, '2015-07-31 00:00:00', 6, 41, 1),
(536, '2015-07-31 00:00:00', 6, 40, 1),
(537, '2015-07-31 00:00:00', 6, 39, 1),
(538, '2015-07-31 00:00:00', 6, 38, 1),
(539, '2015-08-07 00:00:00', 6, 63, 1),
(540, '2015-08-07 00:00:00', 6, 62, 1),
(541, '2015-08-07 00:00:00', 6, 61, 1),
(542, '2015-08-07 00:00:00', 6, 60, 1),
(543, '2015-08-07 00:00:00', 6, 59, 1),
(544, '2015-08-07 00:00:00', 6, 58, 1),
(545, '2015-08-07 00:00:00', 6, 57, 1),
(546, '2015-08-07 00:00:00', 6, 56, 1),
(547, '2015-08-07 00:00:00', 6, 55, 1),
(548, '2015-08-07 00:00:00', 6, 54, 1),
(549, '2015-08-07 00:00:00', 6, 53, 1),
(550, '2015-08-07 00:00:00', 6, 52, 1),
(551, '2015-08-07 00:00:00', 6, 51, 1),
(552, '2015-08-07 00:00:00', 6, 50, 1),
(553, '2015-08-07 00:00:00', 6, 49, 1),
(554, '2015-08-07 00:00:00', 6, 48, 1),
(555, '2015-08-07 00:00:00', 6, 47, 1),
(556, '2015-08-07 00:00:00', 6, 46, 1),
(557, '2015-08-07 00:00:00', 6, 45, 1),
(558, '2015-08-07 00:00:00', 6, 44, 1),
(559, '2015-08-07 00:00:00', 6, 43, 1),
(560, '2015-08-07 00:00:00', 6, 42, 1),
(561, '2015-08-07 00:00:00', 6, 41, 1),
(562, '2015-08-07 00:00:00', 6, 40, 1),
(563, '2015-08-07 00:00:00', 6, 39, 1),
(564, '2015-08-07 00:00:00', 6, 38, 1),
(565, '2015-08-14 00:00:00', 6, 63, 1),
(566, '2015-08-14 00:00:00', 6, 62, 1),
(567, '2015-08-14 00:00:00', 6, 61, 1),
(568, '2015-08-14 00:00:00', 6, 60, 1),
(569, '2015-08-14 00:00:00', 6, 59, 1),
(570, '2015-08-14 00:00:00', 6, 58, 1),
(571, '2015-08-14 00:00:00', 6, 57, 1),
(572, '2015-08-14 00:00:00', 6, 56, 1),
(573, '2015-08-14 00:00:00', 6, 55, 1),
(574, '2015-08-14 00:00:00', 6, 54, 1),
(575, '2015-08-14 00:00:00', 6, 53, 1),
(576, '2015-08-14 00:00:00', 6, 52, 1),
(577, '2015-08-14 00:00:00', 6, 51, 1),
(578, '2015-08-14 00:00:00', 6, 50, 1),
(579, '2015-08-14 00:00:00', 6, 49, 1),
(580, '2015-08-14 00:00:00', 6, 48, 1),
(581, '2015-08-14 00:00:00', 6, 47, 1),
(582, '2015-08-14 00:00:00', 6, 46, 1),
(583, '2015-08-14 00:00:00', 6, 45, 1),
(584, '2015-08-14 00:00:00', 6, 44, 1),
(585, '2015-08-14 00:00:00', 6, 43, 1),
(586, '2015-08-14 00:00:00', 6, 42, 1),
(587, '2015-08-14 00:00:00', 6, 41, 1),
(588, '2015-08-14 00:00:00', 6, 40, 1),
(589, '2015-08-14 00:00:00', 6, 39, 1),
(590, '2015-08-14 00:00:00', 6, 38, 1),
(591, '2015-08-21 00:00:00', 6, 63, 1),
(592, '2015-08-21 00:00:00', 6, 62, 1),
(593, '2015-08-21 00:00:00', 6, 61, 1),
(594, '2015-08-21 00:00:00', 6, 60, 1),
(595, '2015-08-21 00:00:00', 6, 59, 1),
(596, '2015-08-21 00:00:00', 6, 58, 1),
(597, '2015-08-21 00:00:00', 6, 57, 1),
(598, '2015-08-21 00:00:00', 6, 56, 1),
(599, '2015-08-21 00:00:00', 6, 55, 1),
(600, '2015-08-21 00:00:00', 6, 54, 1),
(601, '2015-08-21 00:00:00', 6, 53, 1),
(602, '2015-08-21 00:00:00', 6, 52, 1),
(603, '2015-08-21 00:00:00', 6, 51, 1),
(604, '2015-08-21 00:00:00', 6, 50, 1),
(605, '2015-08-21 00:00:00', 6, 49, 1),
(606, '2015-08-21 00:00:00', 6, 48, 1),
(607, '2015-08-21 00:00:00', 6, 47, 1),
(608, '2015-08-21 00:00:00', 6, 46, 1),
(609, '2015-08-21 00:00:00', 6, 45, 1),
(610, '2015-08-21 00:00:00', 6, 44, 1),
(611, '2015-08-21 00:00:00', 6, 43, 1),
(612, '2015-08-21 00:00:00', 6, 42, 1),
(613, '2015-08-21 00:00:00', 6, 41, 1),
(614, '2015-08-21 00:00:00', 6, 40, 1),
(615, '2015-08-21 00:00:00', 6, 39, 1),
(616, '2015-08-21 00:00:00', 6, 38, 1),
(617, '2015-08-28 00:00:00', 6, 63, 1),
(618, '2015-08-28 00:00:00', 6, 62, 1),
(619, '2015-08-28 00:00:00', 6, 61, 1),
(620, '2015-08-28 00:00:00', 6, 60, 1),
(621, '2015-08-28 00:00:00', 6, 59, 1),
(622, '2015-08-28 00:00:00', 6, 58, 1),
(623, '2015-08-28 00:00:00', 6, 57, 1),
(624, '2015-08-28 00:00:00', 6, 56, 1),
(625, '2015-08-28 00:00:00', 6, 55, 1),
(626, '2015-08-28 00:00:00', 6, 54, 1),
(627, '2015-08-28 00:00:00', 6, 53, 1),
(628, '2015-08-28 00:00:00', 6, 52, 1),
(629, '2015-08-28 00:00:00', 6, 51, 1),
(630, '2015-08-28 00:00:00', 6, 50, 1),
(631, '2015-08-28 00:00:00', 6, 49, 1),
(632, '2015-08-28 00:00:00', 6, 48, 1),
(633, '2015-08-28 00:00:00', 6, 47, 1),
(634, '2015-08-28 00:00:00', 6, 46, 1),
(635, '2015-08-28 00:00:00', 6, 45, 1),
(636, '2015-08-28 00:00:00', 6, 44, 1),
(637, '2015-08-28 00:00:00', 6, 43, 1),
(638, '2015-08-28 00:00:00', 6, 42, 1),
(639, '2015-08-28 00:00:00', 6, 41, 1),
(640, '2015-08-28 00:00:00', 6, 40, 1),
(641, '2015-08-28 00:00:00', 6, 39, 1),
(642, '2015-08-28 00:00:00', 6, 38, 1),
(643, '2015-06-19 00:00:00', 7, 74, 1),
(644, '2015-06-19 00:00:00', 7, 73, 1),
(645, '2015-06-19 00:00:00', 7, 72, 1),
(646, '2015-06-19 00:00:00', 7, 71, 1),
(647, '2015-06-19 00:00:00', 7, 70, 1),
(648, '2015-06-19 00:00:00', 7, 69, 1),
(649, '2015-06-19 00:00:00', 7, 68, 1),
(650, '2015-06-19 00:00:00', 7, 67, 1),
(651, '2015-06-19 00:00:00', 7, 66, 1),
(652, '2015-06-19 00:00:00', 7, 65, 1),
(653, '2015-06-19 00:00:00', 7, 64, 1),
(654, '2015-06-26 00:00:00', 7, 74, 1),
(655, '2015-06-26 00:00:00', 7, 73, 1),
(656, '2015-06-26 00:00:00', 7, 72, 1),
(657, '2015-06-26 00:00:00', 7, 71, 1),
(658, '2015-06-26 00:00:00', 7, 70, 1),
(659, '2015-06-26 00:00:00', 7, 69, 1),
(660, '2015-06-26 00:00:00', 7, 68, 1),
(661, '2015-06-26 00:00:00', 7, 67, 1),
(662, '2015-06-26 00:00:00', 7, 66, 1),
(663, '2015-06-26 00:00:00', 7, 65, 1),
(664, '2015-06-26 00:00:00', 7, 64, 1),
(665, '2015-07-03 00:00:00', 7, 74, 1),
(666, '2015-07-03 00:00:00', 7, 73, 1),
(667, '2015-07-03 00:00:00', 7, 72, 1),
(668, '2015-07-03 00:00:00', 7, 71, 1),
(669, '2015-07-03 00:00:00', 7, 70, 1),
(670, '2015-07-03 00:00:00', 7, 69, 1),
(671, '2015-07-03 00:00:00', 7, 68, 1),
(672, '2015-07-03 00:00:00', 7, 67, 1),
(673, '2015-07-03 00:00:00', 7, 66, 1),
(674, '2015-07-03 00:00:00', 7, 65, 1),
(675, '2015-07-03 00:00:00', 7, 64, 1),
(676, '2015-07-10 00:00:00', 7, 74, 1),
(677, '2015-07-10 00:00:00', 7, 73, 1),
(678, '2015-07-10 00:00:00', 7, 72, 1),
(679, '2015-07-10 00:00:00', 7, 71, 1),
(680, '2015-07-10 00:00:00', 7, 70, 1),
(681, '2015-07-10 00:00:00', 7, 69, 1),
(682, '2015-07-10 00:00:00', 7, 68, 1),
(683, '2015-07-10 00:00:00', 7, 67, 1),
(684, '2015-07-10 00:00:00', 7, 66, 1),
(685, '2015-07-10 00:00:00', 7, 65, 1),
(686, '2015-07-10 00:00:00', 7, 64, 1),
(687, '2015-07-17 00:00:00', 7, 74, 1),
(688, '2015-07-17 00:00:00', 7, 73, 1),
(689, '2015-07-17 00:00:00', 7, 72, 1),
(690, '2015-07-17 00:00:00', 7, 71, 1),
(691, '2015-07-17 00:00:00', 7, 70, 1),
(692, '2015-07-17 00:00:00', 7, 69, 1),
(693, '2015-07-17 00:00:00', 7, 68, 1),
(694, '2015-07-17 00:00:00', 7, 67, 1),
(695, '2015-07-17 00:00:00', 7, 66, 1),
(696, '2015-07-17 00:00:00', 7, 65, 1),
(697, '2015-07-17 00:00:00', 7, 64, 1),
(698, '2015-07-24 00:00:00', 7, 74, 1),
(699, '2015-07-24 00:00:00', 7, 73, 1),
(700, '2015-07-24 00:00:00', 7, 72, 1),
(701, '2015-07-24 00:00:00', 7, 71, 1),
(702, '2015-07-24 00:00:00', 7, 70, 1),
(703, '2015-07-24 00:00:00', 7, 69, 1),
(704, '2015-07-24 00:00:00', 7, 68, 1),
(705, '2015-07-24 00:00:00', 7, 67, 1),
(706, '2015-07-24 00:00:00', 7, 66, 1),
(707, '2015-07-24 00:00:00', 7, 65, 1),
(708, '2015-07-24 00:00:00', 7, 64, 1),
(709, '2015-07-31 00:00:00', 7, 74, 1),
(710, '2015-07-31 00:00:00', 7, 73, 1),
(711, '2015-07-31 00:00:00', 7, 72, 1),
(712, '2015-07-31 00:00:00', 7, 71, 1),
(713, '2015-07-31 00:00:00', 7, 70, 1),
(714, '2015-07-31 00:00:00', 7, 69, 1),
(715, '2015-07-31 00:00:00', 7, 68, 1),
(716, '2015-07-31 00:00:00', 7, 67, 1),
(717, '2015-07-31 00:00:00', 7, 66, 1),
(718, '2015-07-31 00:00:00', 7, 65, 1),
(719, '2015-07-31 00:00:00', 7, 64, 1),
(720, '2015-08-07 00:00:00', 7, 74, 1),
(721, '2015-08-07 00:00:00', 7, 73, 1),
(722, '2015-08-07 00:00:00', 7, 72, 1),
(723, '2015-08-07 00:00:00', 7, 71, 1),
(724, '2015-08-07 00:00:00', 7, 70, 1),
(725, '2015-08-07 00:00:00', 7, 69, 1),
(726, '2015-08-07 00:00:00', 7, 68, 1),
(727, '2015-08-07 00:00:00', 7, 67, 1),
(728, '2015-08-07 00:00:00', 7, 66, 1),
(729, '2015-08-07 00:00:00', 7, 65, 1),
(730, '2015-08-07 00:00:00', 7, 64, 1),
(731, '2015-08-14 00:00:00', 7, 74, 1),
(732, '2015-08-14 00:00:00', 7, 73, 1),
(733, '2015-08-14 00:00:00', 7, 72, 1),
(734, '2015-08-14 00:00:00', 7, 71, 1),
(735, '2015-08-14 00:00:00', 7, 70, 1),
(736, '2015-08-14 00:00:00', 7, 69, 1),
(737, '2015-08-14 00:00:00', 7, 68, 1),
(738, '2015-08-14 00:00:00', 7, 67, 1),
(739, '2015-08-14 00:00:00', 7, 66, 1),
(740, '2015-08-14 00:00:00', 7, 65, 1),
(741, '2015-08-14 00:00:00', 7, 64, 1),
(742, '2015-08-21 00:00:00', 7, 74, 1),
(743, '2015-08-21 00:00:00', 7, 73, 1),
(744, '2015-08-21 00:00:00', 7, 72, 1),
(745, '2015-08-21 00:00:00', 7, 71, 1),
(746, '2015-08-21 00:00:00', 7, 70, 1),
(747, '2015-08-21 00:00:00', 7, 69, 1),
(748, '2015-08-21 00:00:00', 7, 68, 1),
(749, '2015-08-21 00:00:00', 7, 67, 1),
(750, '2015-08-21 00:00:00', 7, 66, 1),
(751, '2015-08-21 00:00:00', 7, 65, 1),
(752, '2015-08-21 00:00:00', 7, 64, 1),
(753, '2015-08-28 00:00:00', 7, 74, 1),
(754, '2015-08-28 00:00:00', 7, 73, 1),
(755, '2015-08-28 00:00:00', 7, 72, 1),
(756, '2015-08-28 00:00:00', 7, 71, 1),
(757, '2015-08-28 00:00:00', 7, 70, 1),
(758, '2015-08-28 00:00:00', 7, 69, 1),
(759, '2015-08-28 00:00:00', 7, 68, 1),
(760, '2015-08-28 00:00:00', 7, 67, 1),
(761, '2015-08-28 00:00:00', 7, 66, 1),
(762, '2015-08-28 00:00:00', 7, 65, 1),
(763, '2015-08-28 00:00:00', 7, 64, 1);

-- --------------------------------------------------------

--
-- Структура таблицы `hotel_rooms`
--

CREATE TABLE IF NOT EXISTS `hotel_rooms` (
  `id` int(11) NOT NULL AUTO_INCREMENT,
  `description` varchar(255) NOT NULL,
  `hotel_id` int(11) NOT NULL,
  PRIMARY KEY (`id`)
) ENGINE=InnoDB  DEFAULT CHARSET=utf8 AUTO_INCREMENT=75 ;

--
-- Дамп данных таблицы `hotel_rooms`
--

INSERT INTO `hotel_rooms` (`id`, `description`, `hotel_id`) VALUES
(7, '№3 2-х мест. 1 эт.', 3),
(8, '№6 (тень) 2-х мест. 1 эт.', 3),
(9, '№10 (тень) 3-х мест. 2 эт.', 3),
(10, '№16 3-х мест. 2 эт. (веранда)', 3),
(11, '№17 2-х мест. 2 эт. (веранда)', 3),
(12, '№18 2-х мест. 2 эт. (веранда)', 3),
(13, '№9 4-х мест. 2 эт.', 3),
(14, '№15 (отдел. вход) под верандой 2-х мест. 1 эт.', 3),
(15, '№7 3- мест. (балкон) 2 эт.', 3),
(16, '№8 2-х мест. (балкон) 2 эт.', 3),
(17, '№12 (солнечный) 3-х мест. 2 эт.', 3),
(18, '2-х местный с уд.\r\n', 4),
(19, '2-х местный с уд.\r\n', 4),
(20, '2-х местный с уд.\r\n', 4),
(21, '2-х местный с уд.\r\n', 4),
(22, '2-х местный с уд.\r\n', 4),
(23, '2-х местный с уд.\r\n', 4),
(24, '3-х, 4-х местный с уд.\r\n', 4),
(25, '3-х, 4-х местный с уд.\r\n', 4),
(26, '3-х, 4-х местный с уд.\r\n', 4),
(27, '3-х, 4-х местный с уд.\r\n', 4),
(28, '3-х, 4-х местный с уд.\r\n', 4),
(29, '3-х, 4-х местный с уд.\r\n', 4),
(30, '2-х местный с уд. на террит. и эт.\r\n', 5),
(31, '2-х местный с уд. на террит. и эт.\r\n', 5),
(32, '2-х местный с уд. на террит. и эт.\r\n', 5),
(33, '2-х местный с уд. на террит. и эт.\r\n', 5),
(34, '2-х местный с уд. на террит. и эт.\r\n', 5),
(35, '3-х мест. с уд. на террит. и эт.\r\n', 5),
(36, '3-х мест. с уд. на террит. и эт.\r\n', 5),
(37, '3-х мест. с уд. на террит. и эт.\r\n', 5),
(38, '№14 2-х мест. 1 эт.', 6),
(39, '№27 2-х мест. 2 эт.', 6),
(40, '№35 2-х мест. 3 эт.', 6),
(41, '№36 2-х мест. 3 эт.', 6),
(42, '№5 4-х мест. 1эт.', 6),
(43, '№12 3-х мест. 2эт.', 6),
(44, '№11 2-х мест. 1эт.(балкон)', 6),
(45, '№12 2-х мест. 1эт. (балкон)', 6),
(46, '№13 2-х мест. 1эт.', 6),
(47, '№22 2-х мест. 2эт.', 6),
(48, '№23 2-х мест. 2эт.', 6),
(49, '№24 2-х мест. 2эт.(балкон)', 6),
(50, '№25 2-х мест. 2эт.(балкон)', 6),
(51, '№26 2-х мест. 2эт.', 6),
(52, '№37 2-х мест. 3эт.(балкон)', 6),
(53, '№38 2-х мест. 3эт.(балкон)', 6),
(54, '№39 2-х мест.', 6),
(55, '№40 2-х мест. 3эт.', 6),
(56, '№4 4-х мест. 1эт.', 6),
(57, '№9 4-х мест. 2эт.(балкон)', 6),
(58, '№10 4-х мест. 2эт.', 6),
(59, '№11 3-х мест. 2эт.', 6),
(60, '№17 4-х мест. 3эт.(балкон)', 6),
(61, '№18 3-х м.+доп. место 3эт.', 6),
(62, '№19 3-х мест. 3эт.', 6),
(63, '№20 3-х мест. 3эт.', 6),
(64, '2-х м. уд. на террит. и эт. 1 эт.', 7),
(65, '2-х м. уд. на террит. и эт. 1 эт.', 7),
(66, '3-х,4-х м. уд. на террит. и эт. 1эт.', 7),
(67, '3-х,4-х м. уд. на террит. и эт. 1эт.', 7),
(68, '3-х,4-х м. уд. на террит. и эт. 1эт.', 7),
(69, '2-х м. уд. на террит. и эт. 2эт.', 7),
(70, '2-х м. уд. на террит. и эт. 2эт.', 7),
(71, '2-х м. уд. на террит. и эт. 2эт.', 7),
(72, '3-х,4-х м. уд. на террит. и эт. 2эт.', 7),
(73, '3-х,4-х м. уд. на террит. и эт. 2эт.', 7),
(74, '3-х,4-х м. уд. на террит. и эт. 2эт', 7);

-- --------------------------------------------------------

--
-- Структура таблицы `managers`
--

CREATE TABLE IF NOT EXISTS `managers` (
  `id` int(11) NOT NULL AUTO_INCREMENT,
  `fio` varchar(255) NOT NULL,
  `login` varchar(255) NOT NULL,
  `password` varchar(255) NOT NULL,
  `readonly` tinyint(1) NOT NULL,
  PRIMARY KEY (`id`)
) ENGINE=InnoDB  DEFAULT CHARSET=utf8 AUTO_INCREMENT=10 ;

--
-- Дамп данных таблицы `managers`
--

INSERT INTO `managers` (`id`, `fio`, `login`, `password`, `readonly`) VALUES
(1, 'Администратор', 'admin', '$2y$10$rWmUgiZs4UC1WntDTSbMmukCS9psDnLdblV29LW7wo25KPkf0RbMm', 0),
(3, 'Наталья Чайка', 'chayka_kor', '$2y$10$kdzK6Yhfyff/MQF2fnmVZeQF.JGRJo0i/nqMggp3Q98zz01HwwkPO', 0),
(4, 'Татьяна Чайка', 'chayka_gub', '$2y$10$tBcuiId1yfuJ9/5BLQzVK.aAWsbZnBJvyi/sGQxrMByZqYzMn40zO', 0),
(5, 'Олеся Чайка', '1001tur', '$2y$10$kF3ksf6KhecUPdqPSg8vUuWru6RmHB7pCT69tJgxaZwXZmfMSQHS6', 0),
(6, 'Юля Африка', 'affrika', '$2y$10$5AtHf/w.6BkoJcP3hjNSSOJ6LPGnUBHuxZzXi2gcQcI6tv.b/CaRu', 0),
(7, 'Юля Караван', 'karavan_gub', '$2y$10$5yczvMfDWiYCGSpp7GOuC.mBAElRCDvOlwwvGpEPRbP0LyHNfsonC', 0),
(8, 'Пользователь', 'online2015', '$2y$10$4zUl31zIRP/rGoIDrfhNNusvNhlVHB9LgFDFRqcQwAGGgyV8fiEvG', 1),
(9, 'Диана Чайка', 'chayka_kor2', '$2y$10$Gero1f7PnJ7DjyH9lPhFh.bW5ptWKLtRs/bswAjjyoUqDGTVkAL06', 0);

-- --------------------------------------------------------

--
-- Структура таблицы `orders`
--

CREATE TABLE IF NOT EXISTS `orders` (
  `id` int(11) NOT NULL AUTO_INCREMENT,
  `price` varchar(20) NOT NULL,
  `comment` text NOT NULL,
  `date` datetime NOT NULL,
  `manager_id` int(11) NOT NULL,
  PRIMARY KEY (`id`)
) ENGINE=InnoDB  DEFAULT CHARSET=utf8 AUTO_INCREMENT=13 ;

-- --------------------------------------------------------

--
-- Структура таблицы `orders_to_clients`
--

CREATE TABLE IF NOT EXISTS `orders_to_clients` (
  `order_id` int(11) NOT NULL,
  `client_id` int(11) NOT NULL,
  PRIMARY KEY (`order_id`,`client_id`)
) ENGINE=InnoDB DEFAULT CHARSET=utf8;

--
-- Дамп данных таблицы `orders_to_clients`
--

INSERT INTO `orders_to_clients` (`order_id`, `client_id`) VALUES
(8, 17),
(9, 18),
(9, 19),
(10, 25),
(11, 27),
(12, 28);

-- --------------------------------------------------------

--
-- Структура таблицы `orders_to_dates`
--

CREATE TABLE IF NOT EXISTS `orders_to_dates` (
  `order_id` int(11) NOT NULL,
  `hotel_id` int(11) NOT NULL,
  `room_date` varchar(255) NOT NULL,
  `room_id` int(11) NOT NULL,
  `id` int(11) NOT NULL AUTO_INCREMENT,
  PRIMARY KEY (`id`)
) ENGINE=InnoDB  DEFAULT CHARSET=utf8 COMMENT='room dates' AUTO_INCREMENT=12 ;

--
-- Дамп данных таблицы `orders_to_dates`
--

INSERT INTO `orders_to_dates` (`order_id`, `hotel_id`, `room_date`, `room_id`, `id`) VALUES
(8, 3, '2015-06-19 00:00:00', 7, 7),
(9, 3, '2015-06-19 00:00:00', 8, 8),
(10, 3, '2015-06-26 00:00:00', 7, 9),
(11, 3, '2015-06-19 00:00:00', 9, 10),
(12, 6, '2015-07-17 00:00:00', 52, 11);

-- --------------------------------------------------------

--
-- Структура таблицы `orders_to_dirs`
--

CREATE TABLE IF NOT EXISTS `orders_to_dirs` (
  `date_dir_id` int(11) NOT NULL,
  `bus_id` int(11) NOT NULL,
  `seat_num` int(11) NOT NULL,
  `order_id` int(11) NOT NULL,
  `id` int(11) NOT NULL AUTO_INCREMENT,
  PRIMARY KEY (`id`)
) ENGINE=InnoDB  DEFAULT CHARSET=utf8 AUTO_INCREMENT=15 ;

--
-- Дамп данных таблицы `orders_to_dirs`
--

INSERT INTO `orders_to_dirs` (`date_dir_id`, `bus_id`, `seat_num`, `order_id`, `id`) VALUES
(5, 1, 1, 8, 9),
(5, 1, 2, 9, 10),
(5, 1, 6, 9, 11),
(6, 1, 1, 10, 12),
(13, 1, 13, 12, 13),
(13, 1, 14, 12, 14);

/*!40101 SET CHARACTER_SET_CLIENT=@OLD_CHARACTER_SET_CLIENT */;
/*!40101 SET CHARACTER_SET_RESULTS=@OLD_CHARACTER_SET_RESULTS */;
/*!40101 SET COLLATION_CONNECTION=@OLD_COLLATION_CONNECTION */;
